{"id":{"0":1,"1":2,"2":3,"3":4,"4":5,"5":6,"6":7,"7":8,"8":9,"9":10,"10":11,"11":12,"12":13,"13":14,"14":15,"15":16,"16":17,"17":18,"18":19,"19":20,"20":21,"21":22,"22":23,"23":24,"24":25,"25":26,"26":27},"u":{"0":1913.9628497964,"1":1719.6861779803,"2":1544.5066498275,"3":2114.8515326363,"4":1920.0,"5":1743.4270538356,"6":2296.4594956472,"7":2101.9909947991,"8":1924.9682396575,"9":1496.7565067425,"10":1465.8934760476,"11":1430.2056460397,"12":1698.7729657145,"13":1683.6638529528,"14":1666.2087491184,"15":1883.1237928851,"16":1880.9828219822,"17":1878.536095624,"18":2346.0109615818,"19":2148.2593375637,"20":1968.3313666464,"21":2377.8934994806,"22":2164.6377669349,"23":1971.8873932878,"24":2414.8574668244,"25":2183.4845368078,"26":1975.9529838087},"v":{"0":1603.9804633994,"1":1435.3842293761,"2":1283.2815838452,"3":1440.2690877916,"4":1287.7306191625,"5":1149.5014431081,"6":1292.1911018605,"7":1153.5829745441,"8":1027.4699538647,"9":1204.0046735958,"10":1010.1650061745,"11":785.5356962613,"12":1073.2537210488,"13":879.829413207,"14":657.1610703205,"15":953.975866444,"16":761.630214643,"17":541.7345165151,"18":1213.8643112634,"19":1078.2789717637,"20":954.9106316647,"21":1020.1498062031,"22":884.8219042943,"23":762.571241063,"24":795.5617006305,"25":662.210817994,"26":542.6008196878}}