{"id":{"0":1,"1":2,"2":3,"3":4,"4":5,"5":6,"6":7,"7":8,"8":9,"9":10,"10":11,"11":12,"12":13,"13":14,"14":15,"15":16,"16":17,"17":18,"18":19,"19":20,"20":21,"21":22,"22":23,"23":24,"24":25,"25":26,"26":27},"u":{"0":1920.0,"1":1715.8965882903,"2":1532.1385270835,"3":2124.1034117097,"4":1920.0,"5":1735.3382487298,"6":2307.8614729165,"7":2104.6617512702,"8":1920.0,"9":1481.898692887,"10":1448.3645442947,"11":1409.2861384838,"12":1688.4997644743,"13":1671.6894211312,"14":1652.2539691083,"15":1876.1653667429,"16":1873.1377494309,"17":1869.6621929385,"18":2358.101307113,"19":2151.5002355257,"20":1963.8346332571,"21":2391.6354557053,"22":2168.3105788688,"23":1966.8622505691,"24":2430.7138615162,"25":2187.7460308917,"26":1970.3378070615},"v":{"0":1612.7456700304,"1":1440.356553984,"2":1285.2093668798,"3":1440.356553984,"4":1285.2093668798,"5":1144.8405654212,"6":1285.2093668798,"7":1144.8405654212,"8":1017.2345945456,"9":1203.9116171447,"10":1003.5085488702,"11":769.9725040756,"12":1066.7451679206,"13":866.6696812496,"14":635.3503415548,"15":942.1087679541,"16":743.1943105524,"17":514.8502490054,"18":1203.9116171447,"19":1066.7451679206,"20":942.1087679541,"21":1003.5085488702,"22":866.6696812496,"23":743.1943105524,"24":769.9725040756,"25":635.3503415548,"26":514.8502490054}}