{"id":{"0":0,"1":1,"2":2,"3":3,"4":4,"5":5,"6":6,"7":7,"8":8,"9":9,"10":10,"11":11,"12":12,"13":13,"14":14,"15":15,"16":16,"17":17,"18":18,"19":19,"20":20,"21":21,"22":22,"23":23,"24":24,"25":25,"26":26,"27":27,"28":28,"29":29,"30":30,"31":31,"32":32,"33":33,"34":34,"35":35,"36":36,"37":37,"38":38,"39":39,"40":40,"41":41,"42":42,"43":43,"44":44,"45":45,"46":46,"47":47,"48":48,"49":49,"50":50,"51":51,"52":52,"53":53},"u":{"0":2052.8191807139,"1":1920.0,"2":1787.1808192861,"3":1985.4767770618,"4":1854.5232229382,"5":1920.0,"6":1726.9278272541,"7":1726.9278272541,"8":1726.9278272541,"9":1798.2410628275,"10":1798.2410628275,"11":1867.8979382166,"12":2113.0721727459,"13":2113.0721727459,"14":2113.0721727459,"15":2041.7589371725,"16":2041.7589371725,"17":1972.1020617834,"18":999.8937683565,"19":792.3152013582,"20":569.0091201773,"21":887.900933093,"22":676.2952029024,"23":775.9369584523,"24":455.0212646244,"25":455.0212646244,"26":455.0212646244,"27":574.5572130683,"28":574.5572130683,"29":685.9385489938,"30":1080.5222596172,"31":1080.5222596172,"32":1080.5222596172,"33":967.42827449,"34":967.42827449,"35":853.4916580461,"36":3270.9908798227,"37":3047.6847986418,"38":2840.1062316435,"39":3163.7047970976,"40":2952.099066907,"41":3064.0630415477,"42":2759.4777403828,"43":2759.4777403828,"44":2759.4777403828,"45":2872.57172551,"46":2872.57172551,"47":2986.5083419538,"48":3384.9787353756,"49":3384.9787353756,"50":3384.9787353756,"51":3265.4427869317,"52":3265.4427869317,"53":3154.0614510062},"v":{"0":559.3488116016,"1":559.3488116016,"2":559.3488116016,"3":633.371348936,"4":633.371348936,"5":705.3431959707,"6":710.0118056611,"7":864.1735533023,"8":1018.3353009435,"9":790.5330572727,"10":942.8840797607,"11":869.1824089688,"12":1018.3353009435,"13":864.1735533023,"14":710.0118056611,"15":942.8840797607,"16":790.5330572727,"17":869.1824089688,"18":320.7642486785,"19":292.9685080067,"20":263.0602135006,"21":419.6479375495,"22":395.4806715549,"23":518.4659327939,"24":491.8519630476,"25":736.9136451111,"26":981.9753271746,"27":630.8256088048,"28":867.233183118,"29":760.3186234533,"30":991.8427156332,"31":771.4495047162,"32":551.0562937992,"33":880.9485597959,"34":659.7802929025,"35":769.2716892668,"36":263.0602135006,"37":292.9685080067,"38":320.7642486785,"39":395.4806715549,"40":419.6479375495,"41":518.4659327939,"42":551.0562937992,"43":771.4495047162,"44":991.8427156332,"45":659.7802929025,"46":880.9485597959,"47":769.2716892668,"48":981.9753271746,"49":736.9136451111,"50":491.8519630476,"51":867.233183118,"52":630.8256088048,"53":760.3186234533}}