{"model": "plumb_bob", "d": [0.0, 0.0, 0.0, 0.0, 0.0], "K": [2742.0441729448603, 0.0, 1920.0, 0.0, 2742.0441729448603, 1080.0, 0.0, 0.0, 1.0], "width": 3840, "height": 2160}