{"id":{"0":1,"1":2,"2":3,"3":4,"4":5,"5":6,"6":7,"7":8,"8":9,"9":10,"10":11,"11":12,"12":13,"13":14,"14":15,"15":16,"16":17,"17":18,"18":19,"19":20,"20":21,"21":22,"22":23,"23":24,"24":25,"25":26,"26":27,"27":28,"28":29,"29":30,"30":31,"31":32,"32":33,"33":34,"34":35,"35":36,"36":37,"37":38,"38":39,"39":40,"40":41,"41":42,"42":43,"43":44,"44":45,"45":46,"46":47,"47":48,"48":49,"49":50,"50":51,"51":52,"52":53,"53":54,"54":55,"55":56,"56":57,"57":58,"58":59,"59":60,"60":61,"61":62,"62":63,"63":64,"64":65,"65":66,"66":67,"67":68,"68":69,"69":70,"70":71,"71":72,"72":73,"73":74,"74":75},"u":{"0":2102.8181797113,"1":2011.4090898557,"2":1920.0,"3":1828.5909101444,"4":1737.1818202887,"5":2102.8181797113,"6":2011.4090898557,"7":1920.0,"8":1828.5909101444,"9":1737.1818202887,"10":2102.8181797113,"11":2011.4090898556,"12":1920.0,"13":1828.5909101444,"14":1737.1818202887,"15":2102.8181797113,"16":2011.4090898556,"17":1920.0,"18":1828.5909101444,"19":1737.1818202887,"20":2102.8181797113,"21":2011.4090898556,"22":1920.0,"23":1828.5909101443,"24":1737.1818202887,"25":823.0452114735,"26":685.9258629077,"27":548.8065143419,"28":411.687165776,"29":274.5678172102,"30":823.0452114735,"31":685.9258629077,"32":548.8065143419,"33":411.687165776,"34":274.5678172102,"35":823.0452114735,"36":685.9258629077,"37":548.8065143419,"38":411.687165776,"39":274.5678172102,"40":823.0452114735,"41":685.9258629077,"42":548.8065143419,"43":411.687165776,"44":274.5678172102,"45":823.0452114735,"46":685.9258629077,"47":548.8065143419,"48":411.687165776,"49":274.5678172102,"50":3565.4321827898,"51":3428.312834224,"52":3291.1934856581,"53":3154.0741370923,"54":3016.9547885265,"55":3565.4321827898,"56":3428.312834224,"57":3291.1934856581,"58":3154.0741370923,"59":3016.9547885265,"60":3565.4321827898,"61":3428.312834224,"62":3291.1934856581,"63":3154.0741370923,"64":3016.9547885265,"65":3565.4321827898,"66":3428.312834224,"67":3291.1934856581,"68":3154.0741370923,"69":3016.9547885265,"70":3565.4321827898,"71":3428.312834224,"72":3291.1934856581,"73":3154.0741370923,"74":3016.9547885265},"v":{"0":1331.374997103,"1":1331.374997103,"2":1331.374997103,"3":1331.374997103,"4":1331.374997103,"5":1239.9659072474,"6":1239.9659072474,"7":1239.9659072474,"8":1239.9659072474,"9":1239.9659072474,"10":1148.5568173917,"11":1148.5568173917,"12":1148.5568173917,"13":1148.5568173917,"14":1148.5568173917,"15":1057.1477275361,"16":1057.1477275361,"17":1057.1477275361,"18":1057.1477275361,"19":1057.1477275361,"20":965.7386376804,"21":965.7386376804,"22":965.7386376804,"23":965.7386376804,"24":965.7386376804,"25":1457.078208556,"26":1457.078208556,"27":1457.078208556,"28":1457.078208556,"29":1457.078208556,"30":1319.9588599902,"31":1319.9588599902,"32":1319.9588599902,"33":1319.9588599902,"34":1319.9588599902,"35":1182.8395114244,"36":1182.8395114244,"37":1182.8395114244,"38":1182.8395114244,"39":1182.8395114244,"40":1045.7201628585,"41":1045.7201628585,"42":1045.7201628585,"43":1045.7201628585,"44":1045.7201628585,"45":908.6008142927,"46":908.6008142927,"47":908.6008142927,"48":908.6008142927,"49":908.6008142927,"50":1457.078208556,"51":1457.078208556,"52":1457.078208556,"53":1457.078208556,"54":1457.078208556,"55":1319.9588599902,"56":1319.9588599902,"57":1319.9588599902,"58":1319.9588599902,"59":1319.9588599902,"60":1182.8395114244,"61":1182.8395114244,"62":1182.8395114244,"63":1182.8395114244,"64":1182.8395114244,"65":1045.7201628585,"66":1045.7201628585,"67":1045.7201628585,"68":1045.7201628585,"69":1045.7201628585,"70":908.6008142927,"71":908.6008142927,"72":908.6008142927,"73":908.6008142927,"74":908.6008142927}}