{"id":{"10":11,"11":12,"12":13,"13":14,"14":15,"15":16,"16":17,"17":18,"18":19,"19":20,"20":21,"21":22,"22":23,"23":24,"24":25,"25":26,"26":27,"27":28,"28":29,"29":30,"30":31,"31":32,"32":33,"33":34,"34":35,"35":36,"36":37,"37":38,"38":39,"39":40,"40":41,"41":42,"42":43,"43":44,"44":45,"45":46,"46":47,"47":48,"48":49,"49":50,"50":51,"51":52,"52":53,"53":54,"54":55,"55":56,"56":57,"57":58,"58":59,"59":60,"60":61,"61":62,"62":63,"63":64,"64":65,"65":66,"66":67,"67":68,"68":69,"69":70,"70":71,"71":72,"72":73,"73":74,"74":75,"75":76,"76":77,"77":78,"78":79,"79":80,"80":81,"81":82,"82":83,"83":84,"84":85,"85":86,"86":87,"87":88,"88":89,"89":90,"90":91,"91":92,"92":93,"93":94,"94":95,"95":96,"96":97,"97":98,"98":99,"99":100},"u":{"10":2992.9621441725,"11":2754.4963076302,"12":2516.1198845998,"13":2277.6540480575,"14":2039.1882115152,"15":1800.8117884848,"16":1562.3459519425,"17":1323.8801154002,"18":1085.5036923698,"19":847.0378558275,"20":2907.1457737179,"21":2687.7526255091,"22":2468.4417394481,"23":2249.0485912393,"24":2029.6554430305,"25":1810.3445569695,"26":1590.9514087607,"27":1371.5582605519,"28":1152.2473744909,"29":932.8542262821,"30":2834.014724315,"31":2630.874951836,"32":2427.8113472506,"33":2224.6715747717,"34":2021.5318022927,"35":1818.4681977073,"36":1615.3284252283,"37":1412.1886527494,"38":1209.125048164,"39":1005.985275685,"40":2770.9718901218,"41":2581.8433875422,"42":2392.7857992868,"43":2203.6572967073,"44":2014.5287941277,"45":1825.4712058723,"46":1636.3427032927,"47":1447.2142007132,"48":1258.1566124578,"49":1069.0281098782,"50":2716.0837605627,"51":2539.1541447776,"52":2362.290869306,"53":2185.3612535209,"54":2008.4316377358,"55":1831.5683622642,"56":1654.6387464791,"57":1477.709130694,"58":1300.8458552224,"59":1123.9162394373,"60":2667.830228985,"61":2501.6249605931,"62":2335.4820113869,"63":2169.276742995,"64":2003.0714746031,"65":1836.9285253969,"66":1670.723257005,"67":1504.5179886131,"68":1338.3750394069,"69":1172.169771015,"70":2625.0920366713,"71":2468.3853315211,"72":2311.7373840406,"73":2155.0306788904,"74":1998.3239737402,"75":1841.6760262598,"76":1684.9693211096,"77":1528.2626159594,"78":1371.6146684789,"79":1214.9079633287,"80":2586.9882244205,"81":2438.7500915431,"82":2290.5675410176,"83":2142.3294081402,"84":1994.0912752627,"85":1845.9087247373,"86":1697.6705918598,"87":1549.4324589824,"88":1401.2499084569,"89":1253.0117755795,"90":2552.7794245257,"91":2412.1441974249,"92":2271.5617019428,"93":2130.9264748419,"94":1990.2912477411,"95":1849.7087522589,"96":1709.0735251581,"97":1568.4382980572,"98":1427.8558025751,"99":1287.2205754743},"v":{"10":2152.0680090524,"11":2152.0680090524,"12":2152.0680090524,"13":2152.0680090524,"14":2152.0680090524,"15":2152.0680090524,"16":2152.0680090524,"17":2152.0680090524,"18":2152.0680090524,"19":2152.0680090524,"20":2066.3231522398,"21":2066.3231522398,"22":2066.3231522398,"23":2066.3231522398,"24":2066.3231522398,"25":2066.3231522398,"26":2066.3231522398,"27":2066.3231522398,"28":2066.3231522398,"29":2066.3231522398,"30":1993.253045378,"31":1993.253045378,"32":1993.253045378,"33":1993.253045378,"34":1993.253045378,"35":1993.253045378,"36":1993.253045378,"37":1993.253045378,"38":1993.253045378,"39":1993.253045378,"40":1930.26274688,"41":1930.26274688,"42":1930.26274688,"43":1930.26274688,"44":1930.26274688,"45":1930.26274688,"46":1930.26274688,"47":1930.26274688,"48":1930.26274688,"49":1930.26274688,"50":1875.4203574289,"51":1875.4203574289,"52":1875.4203574289,"53":1875.4203574289,"54":1875.4203574289,"55":1875.4203574289,"56":1875.4203574289,"57":1875.4203574289,"58":1875.4203574289,"59":1875.4203574289,"60":1827.2070371275,"61":1827.2070371275,"62":1827.2070371275,"63":1827.2070371275,"64":1827.2070371275,"65":1827.2070371275,"66":1827.2070371275,"67":1827.2070371275,"68":1827.2070371275,"69":1827.2070371275,"70":1784.504459974,"71":1784.504459974,"72":1784.504459974,"73":1784.504459974,"74":1784.504459974,"75":1784.504459974,"76":1784.504459974,"77":1784.504459974,"78":1784.504459974,"79":1784.504459974,"80":1746.4324009002,"81":1746.4324009002,"82":1746.4324009002,"83":1746.4324009002,"84":1746.4324009002,"85":1746.4324009002,"86":1746.4324009002,"87":1746.4324009002,"88":1746.4324009002,"89":1746.4324009002,"90":1712.2521083386,"91":1712.2521083386,"92":1712.2521083386,"93":1712.2521083386,"94":1712.2521083386,"95":1712.2521083386,"96":1712.2521083386,"97":1712.2521083386,"98":1712.2521083386,"99":1712.2521083386}}