{
    "id": {
        "0": 1,
        "1": 2,
        "2": 3,
        "3": 4,
        "4": 5,
        "5": 6,
        "6": 7,
        "7": 8,
        "8": 9,
        "9": 10,
        "10": 11,
        "11": 12,
        "12": 13,
        "13": 14,
        "14": 15,
        "15": 16,
        "16": 17,
        "17": 18,
        "18": 19,
        "19": 20,
        "20": 21,
        "21": 22,
        "22": 23,
        "23": 24,
        "24": 25,
        "25": 26,
        "26": 27,
        "27": 28,
        "28": 29,
        "29": 30,
        "30": 31,
        "31": 32,
        "32": 33,
        "33": 34,
        "34": 35,
        "35": 36,
        "36": 37,
        "37": 38,
        "38": 39,
        "39": 40,
        "40": 41,
        "41": 42,
        "42": 43,
        "43": 44,
        "44": 45,
        "45": 46,
        "46": 47,
        "47": 48,
        "48": 49,
        "49": 50,
        "50": 51,
        "51": 52,
        "52": 53,
        "53": 54,
        "54": 55,
        "55": 56,
        "56": 57,
        "57": 58,
        "58": 59,
        "59": 60,
        "60": 61,
        "61": 62,
        "62": 63,
        "63": 64,
        "64": 65,
        "65": 66,
        "66": 67,
        "67": 68,
        "68": 69,
        "69": 70,
        "70": 71,
        "71": 72,
        "72": 73,
        "73": 74,
        "74": 75,
        "75": 76,
        "76": 77,
        "77": 78,
        "78": 79,
        "79": 80,
        "80": 81,
        "81": 82,
        "82": 83,
        "83": 84,
        "84": 85,
        "85": 86,
        "86": 87,
        "87": 88,
        "88": 89,
        "89": 90
    },
    "u": {
        "0": 3017.1833969769,
        "1": 2773.3343869988,
        "2": 2529.5768089704,
        "3": 2285.7277989923,
        "4": 2041.8787890142,
        "5": 1798.1212109858,
        "6": 1554.2722010077,
        "7": 1310.4231910296,
        "8": 1066.6656130012,
        "9": 822.8166030231,
        "10": 3017.1833969769,
        "11": 2773.3343869988,
        "12": 2529.5768089704,
        "13": 2285.7277989923,
        "14": 2041.8787890142,
        "15": 1798.1212109858,
        "16": 1554.2722010077,
        "17": 1310.4231910296,
        "18": 1066.6656130012,
        "19": 822.8166030231,
        "20": 3017.1833969769,
        "21": 2773.3343869988,
        "22": 2529.5768089704,
        "23": 2285.7277989923,
        "24": 2041.8787890142,
        "25": 1798.1212109858,
        "26": 1554.2722010077,
        "27": 1310.4231910296,
        "28": 1066.6656130012,
        "29": 822.8166030231,
        "30": 3017.1833969769,
        "31": 2773.3343869988,
        "32": 2529.5768089704,
        "33": 2285.7277989923,
        "34": 2041.8787890142,
        "35": 1798.1212109858,
        "36": 1554.2722010077,
        "37": 1310.4231910296,
        "38": 1066.6656130012,
        "39": 822.8166030231,
        "40": 3017.1833969769,
        "41": 2773.3343869988,
        "42": 2529.5768089704,
        "43": 2285.7277989923,
        "44": 2041.8787890142,
        "45": 1798.1212109858,
        "46": 1554.2722010077,
        "47": 1310.4231910296,
        "48": 1066.6656130012,
        "49": 822.8166030231,
        "50": 3017.1833969769,
        "51": 2773.3343869988,
        "52": 2529.5768089704,
        "53": 2285.7277989923,
        "54": 2041.8787890142,
        "55": 1798.1212109858,
        "56": 1554.2722010077,
        "57": 1310.4231910296,
        "58": 1066.6656130012,
        "59": 822.8166030231,
        "60": 3017.1833969769,
        "61": 2773.3343869988,
        "62": 2529.5768089704,
        "63": 2285.7277989923,
        "64": 2041.8787890142,
        "65": 1798.1212109858,
        "66": 1554.2722010077,
        "67": 1310.4231910296,
        "68": 1066.6656130012,
        "69": 822.8166030231,
        "70": 3017.1833969769,
        "71": 2773.3343869988,
        "72": 2529.5768089704,
        "73": 2285.7277989923,
        "74": 2041.8787890142,
        "75": 1798.1212109858,
        "76": 1554.2722010077,
        "77": 1310.4231910296,
        "78": 1066.6656130012,
        "79": 822.8166030231,
        "80": 3017.1833969769,
        "81": 2773.3343869988,
        "82": 2529.5768089704,
        "83": 2285.7277989923,
        "84": 2041.8787890142,
        "85": 1798.1212109858,
        "86": 1554.2722010077,
        "87": 1310.4231910296,
        "88": 1066.6656130012,
        "89": 822.8166030231
    },
    "v": {
        "0": 1994.3194974808,
        "1": 1994.3194974808,
        "2": 1994.3194974808,
        "3": 1994.3194974808,
        "4": 1994.3194974808,
        "5": 1994.3194974808,
        "6": 1994.3194974808,
        "7": 1994.3194974808,
        "8": 1994.3194974808,
        "9": 1994.3194974808,
        "10": 1750.4704875027,
        "11": 1750.4704875027,
        "12": 1750.4704875027,
        "13": 1750.4704875027,
        "14": 1750.4704875027,
        "15": 1750.4704875027,
        "16": 1750.4704875027,
        "17": 1750.4704875027,
        "18": 1750.4704875027,
        "19": 1750.4704875027,
        "20": 1506.7129094743,
        "21": 1506.7129094743,
        "22": 1506.7129094743,
        "23": 1506.7129094743,
        "24": 1506.7129094743,
        "25": 1506.7129094743,
        "26": 1506.7129094743,
        "27": 1506.7129094743,
        "28": 1506.7129094743,
        "29": 1506.7129094743,
        "30": 1262.8638994962,
        "31": 1262.8638994962,
        "32": 1262.8638994962,
        "33": 1262.8638994962,
        "34": 1262.8638994962,
        "35": 1262.8638994962,
        "36": 1262.8638994962,
        "37": 1262.8638994962,
        "38": 1262.8638994962,
        "39": 1262.8638994962,
        "40": 1019.014889518,
        "41": 1019.014889518,
        "42": 1019.014889518,
        "43": 1019.014889518,
        "44": 1019.014889518,
        "45": 1019.014889518,
        "46": 1019.014889518,
        "47": 1019.014889518,
        "48": 1019.014889518,
        "49": 1019.014889518,
        "50": 775.2573114897,
        "51": 775.2573114897,
        "52": 775.2573114897,
        "53": 775.2573114897,
        "54": 775.2573114897,
        "55": 775.2573114897,
        "56": 775.2573114897,
        "57": 775.2573114897,
        "58": 775.2573114897,
        "59": 775.2573114897,
        "60": 531.4083015115,
        "61": 531.4083015115,
        "62": 531.4083015115,
        "63": 531.4083015115,
        "64": 531.4083015115,
        "65": 531.4083015115,
        "66": 531.4083015115,
        "67": 531.4083015115,
        "68": 531.4083015115,
        "69": 531.4083015115,
        "70": 287.5592915334,
        "71": 287.5592915334,
        "72": 287.5592915334,
        "73": 287.5592915334,
        "74": 287.5592915334,
        "75": 287.5592915334,
        "76": 287.5592915334,
        "77": 287.5592915334,
        "78": 287.5592915334,
        "79": 287.5592915334,
        "80": 43.801713505,
        "81": 43.801713505,
        "82": 43.801713505,
        "83": 43.801713505,
        "84": 43.801713505,
        "85": 43.801713505,
        "86": 43.801713505,
        "87": 43.801713505,
        "88": 43.801713505,
        "89": 43.801713505
    }
}