{
    "id": {
        "0": 1,
        "1": 2,
        "2": 3,
        "3": 4,
        "4": 5,
        "5": 6,
        "6": 7,
        "7": 8,
        "8": 9,
        "9": 10,
        "10": 11,
        "11": 12,
        "12": 13,
        "13": 14,
        "14": 15,
        "15": 16,
        "16": 17,
        "17": 18,
        "18": 19,
        "19": 20,
        "20": 21,
        "21": 22,
        "22": 23,
        "23": 24,
        "24": 25,
        "25": 26,
        "26": 27,
        "27": 28,
        "28": 29,
        "29": 30,
        "30": 31,
        "31": 32,
        "32": 33,
        "33": 34,
        "34": 35,
        "35": 36,
        "36": 37,
        "37": 38,
        "38": 39,
        "39": 40,
        "40": 41,
        "41": 42,
        "42": 43,
        "43": 44,
        "44": 45,
        "45": 46,
        "46": 47,
        "47": 48,
        "48": 49,
        "49": 50,
        "50": 51,
        "51": 52,
        "52": 53,
        "53": 54,
        "54": 55,
        "55": 56,
        "56": 57,
        "57": 58,
        "58": 59,
        "59": 60,
        "60": 61,
        "61": 62,
        "62": 63,
        "63": 64,
        "64": 65,
        "65": 66,
        "66": 67,
        "67": 68,
        "68": 69,
        "69": 70,
        "70": 71,
        "71": 72,
        "72": 73,
        "73": 74,
        "74": 75,
        "75": 76,
        "76": 77,
        "77": 78,
        "78": 79,
        "79": 80,
        "80": 81,
        "81": 82,
        "82": 83,
        "83": 84,
        "84": 85,
        "85": 86,
        "86": 87,
        "87": 88,
        "88": 89,
        "89": 90,
        "90": 91,
        "91": 92,
        "92": 93,
        "93": 94,
        "94": 95,
        "95": 96,
        "96": 97,
        "97": 98,
        "98": 99,
        "99": 100
    },
    "u": {
        "0": 1379.713423298,
        "1": 1286.43211497,
        "2": 1193.1857827606,
        "3": 1099.9044744327,
        "4": 1006.6231661047,
        "5": 913.3768338953,
        "6": 820.0955255673,
        "7": 726.8142172394,
        "8": 633.56788503,
        "9": 540.286576702,
        "10": 1379.713423298,
        "11": 1286.43211497,
        "12": 1193.1857827606,
        "13": 1099.9044744327,
        "14": 1006.6231661047,
        "15": 913.3768338953,
        "16": 820.0955255673,
        "17": 726.8142172394,
        "18": 633.56788503,
        "19": 540.286576702,
        "20": 1379.713423298,
        "21": 1286.43211497,
        "22": 1193.1857827606,
        "23": 1099.9044744327,
        "24": 1006.6231661047,
        "25": 913.3768338953,
        "26": 820.0955255673,
        "27": 726.8142172394,
        "28": 633.56788503,
        "29": 540.286576702,
        "30": 1379.713423298,
        "31": 1286.43211497,
        "32": 1193.1857827606,
        "33": 1099.9044744327,
        "34": 1006.6231661047,
        "35": 913.3768338953,
        "36": 820.0955255673,
        "37": 726.8142172394,
        "38": 633.56788503,
        "39": 540.286576702,
        "40": 1379.713423298,
        "41": 1286.43211497,
        "42": 1193.1857827606,
        "43": 1099.9044744327,
        "44": 1006.6231661047,
        "45": 913.3768338953,
        "46": 820.0955255673,
        "47": 726.8142172394,
        "48": 633.56788503,
        "49": 540.286576702,
        "50": 1379.713423298,
        "51": 1286.43211497,
        "52": 1193.1857827606,
        "53": 1099.9044744327,
        "54": 1006.6231661047,
        "55": 913.3768338953,
        "56": 820.0955255673,
        "57": 726.8142172394,
        "58": 633.56788503,
        "59": 540.286576702,
        "60": 1379.713423298,
        "61": 1286.43211497,
        "62": 1193.1857827606,
        "63": 1099.9044744327,
        "64": 1006.6231661047,
        "65": 913.3768338953,
        "66": 820.0955255673,
        "67": 726.8142172394,
        "68": 633.56788503,
        "69": 540.286576702,
        "70": 1379.713423298,
        "71": 1286.43211497,
        "72": 1193.1857827606,
        "73": 1099.9044744327,
        "74": 1006.6231661047,
        "75": 913.3768338953,
        "76": 820.0955255673,
        "77": 726.8142172394,
        "78": 633.56788503,
        "79": 540.286576702,
        "80": 1379.713423298,
        "81": 1286.43211497,
        "82": 1193.1857827606,
        "83": 1099.9044744327,
        "84": 1006.6231661047,
        "85": 913.3768338953,
        "86": 820.0955255673,
        "87": 726.8142172394,
        "88": 633.56788503,
        "89": 540.286576702,
        "90": 1379.713423298,
        "91": 1286.43211497,
        "92": 1193.1857827606,
        "93": 1099.9044744327,
        "94": 1006.6231661047,
        "95": 913.3768338953,
        "96": 820.0955255673,
        "97": 726.8142172394,
        "98": 633.56788503,
        "99": 540.286576702
    },
    "v": {
        "0": 839.9522372163,
        "1": 839.9522372163,
        "2": 839.9522372163,
        "3": 839.9522372163,
        "4": 839.9522372163,
        "5": 839.9522372163,
        "6": 839.9522372163,
        "7": 839.9522372163,
        "8": 839.9522372163,
        "9": 839.9522372163,
        "10": 746.6709288884,
        "11": 746.6709288884,
        "12": 746.6709288884,
        "13": 746.6709288884,
        "14": 746.6709288884,
        "15": 746.6709288884,
        "16": 746.6709288884,
        "17": 746.6709288884,
        "18": 746.6709288884,
        "19": 746.6709288884,
        "20": 653.424596679,
        "21": 653.424596679,
        "22": 653.424596679,
        "23": 653.424596679,
        "24": 653.424596679,
        "25": 653.424596679,
        "26": 653.424596679,
        "27": 653.424596679,
        "28": 653.424596679,
        "29": 653.424596679,
        "30": 560.143288351,
        "31": 560.143288351,
        "32": 560.143288351,
        "33": 560.143288351,
        "34": 560.143288351,
        "35": 560.143288351,
        "36": 560.143288351,
        "37": 560.143288351,
        "38": 560.143288351,
        "39": 560.143288351,
        "40": 466.861980023,
        "41": 466.861980023,
        "42": 466.861980023,
        "43": 466.861980023,
        "44": 466.861980023,
        "45": 466.861980023,
        "46": 466.861980023,
        "47": 466.861980023,
        "48": 466.861980023,
        "49": 466.861980023,
        "50": 373.6156478137,
        "51": 373.6156478137,
        "52": 373.6156478137,
        "53": 373.6156478137,
        "54": 373.6156478137,
        "55": 373.6156478137,
        "56": 373.6156478137,
        "57": 373.6156478137,
        "58": 373.6156478137,
        "59": 373.6156478137,
        "60": 280.3343394857,
        "61": 280.3343394857,
        "62": 280.3343394857,
        "63": 280.3343394857,
        "64": 280.3343394857,
        "65": 280.3343394857,
        "66": 280.3343394857,
        "67": 280.3343394857,
        "68": 280.3343394857,
        "69": 280.3343394857,
        "70": 187.0530311577,
        "71": 187.0530311577,
        "72": 187.0530311577,
        "73": 187.0530311577,
        "74": 187.0530311577,
        "75": 187.0530311577,
        "76": 187.0530311577,
        "77": 187.0530311577,
        "78": 187.0530311577,
        "79": 187.0530311577,
        "80": 93.8066989484,
        "81": 93.8066989484,
        "82": 93.8066989484,
        "83": 93.8066989484,
        "84": 93.8066989484,
        "85": 93.8066989484,
        "86": 93.8066989484,
        "87": 93.8066989484,
        "88": 93.8066989484,
        "89": 93.8066989484,
        "90": 0.5253906204,
        "91": 0.5253906204,
        "92": 0.5253906204,
        "93": 0.5253906204,
        "94": 0.5253906204,
        "95": 0.5253906204,
        "96": 0.5253906204,
        "97": 0.5253906204,
        "98": 0.5253906204,
        "99": 0.5253906204
    }
}