{"id":{"0":0,"1":1,"2":2,"3":3,"4":4,"5":5,"6":6,"7":7,"8":8,"9":9,"10":10,"11":11,"12":12,"13":13,"14":14,"15":15,"16":16,"17":17,"18":18,"19":19,"20":20,"21":21,"22":22,"23":23,"24":24,"25":25,"26":26,"27":27,"28":28,"29":29,"30":30,"31":31,"32":32,"33":33,"34":34,"35":35,"36":36,"37":37,"38":38,"39":39,"40":40,"41":41,"42":42,"43":43,"44":44,"45":45,"46":46,"47":47,"48":48,"49":49,"50":50,"51":51,"52":52,"53":53},"u":{"0":2039.230289592,"1":1920.0,"2":1800.769710408,"3":1978.8623598863,"4":1861.1376401137,"5":1920.0,"6":1746.443077092,"7":1746.443077092,"8":1746.443077092,"9":1810.4180524738,"10":1810.4180524738,"11":1873.0541587658,"12":2093.556922908,"13":2093.556922908,"14":2093.556922908,"15":2029.5819475262,"16":2029.5819475262,"17":1966.9458412342,"18":816.49241859,"19":557.5960275504,"20":274.7973821555,"21":682.2584483041,"22":417.5350503771,"23":548.0768055817,"24":136.1733267461,"25":136.1733267461,"26":136.1733267461,"27":294.2215905047,"28":294.2215905047,"29":439.3334071117,"30":919.7274120109,"31":919.7274120109,"32":919.7274120109,"33":784.2061691793,"34":784.2061691793,"35":647.4906648541,"36":3565.2026178445,"37":3282.4039724496,"38":3023.50758141,"39":3422.4649496229,"40":3157.7415516959,"41":3291.9231944183,"42":2920.2725879891,"43":2920.2725879891,"44":2920.2725879891,"45":3055.7938308207,"46":3055.7938308207,"47":3192.5093351459,"48":3703.8266732539,"49":3703.8266732539,"50":3703.8266732539,"51":3545.7784094953,"52":3545.7784094953,"53":3400.6665928883},"v":{"0":893.1591226628,"1":893.1591226628,"2":893.1591226628,"3":955.4887963816,"4":955.4887963816,"5":1016.2639745916,"6":1024.5682136991,"7":1163.1476794513,"8":1301.7271452035,"9":1093.7114548957,"10":1230.8260038523,"11":1161.4089732385,"12":1301.7271452035,"13":1163.1476794513,"14":1024.5682136991,"15":1230.8260038523,"16":1093.7114548957,"17":1161.4089732385,"18":715.9900697281,"19":699.889805349,"20":682.2993925867,"21":834.4185268209,"22":823.5609071782,"23":952.7526355243,"24":960.6405705417,"25":1259.0391441874,"26":1557.4377178331,"27":1108.5665309512,"28":1394.2318404633,"29":1244.3845673401,"30":1500.1722606413,"31":1237.5645977405,"32":974.9569348397,"33":1370.0796874629,"34":1106.3708806784,"35":1238.8915343976,"36":682.2993925867,"37":699.889805349,"38":715.9900697281,"39":823.5609071782,"40":834.4185268209,"41":952.7526355243,"42":974.9569348397,"43":1237.5645977405,"44":1500.1722606413,"45":1106.3708806784,"46":1370.0796874629,"47":1238.8915343976,"48":1557.4377178331,"49":1259.0391441874,"50":960.6405705417,"51":1394.2318404633,"52":1108.5665309512,"53":1244.3845673401}}