{"model": "plumb_bob", "d": [0.0, 0.0, 0.0, 0.0, 0.0], "K": [232.94094993036956, 0.0, 640.0, 0.0, 232.94094993036956, 480.0, 0.0, 0.0, 1.0], "width": 1280, "height": 960}