{
    "id": {
        "0": 1,
        "1": 2,
        "2": 3,
        "3": 4,
        "4": 5,
        "5": 6,
        "6": 7,
        "7": 8,
        "8": 9,
        "9": 10,
        "10": 11,
        "11": 12,
        "12": 13,
        "13": 14,
        "14": 15,
        "15": 16,
        "16": 17,
        "17": 18,
        "18": 19,
        "19": 20,
        "20": 21,
        "21": 22,
        "22": 23,
        "23": 24,
        "24": 25,
        "25": 26,
        "26": 27,
        "27": 28,
        "28": 29,
        "29": 30,
        "30": 31,
        "31": 32,
        "32": 33,
        "33": 34,
        "34": 35,
        "35": 36,
        "36": 37,
        "37": 38,
        "38": 39,
        "39": 40,
        "40": 41,
        "41": 42,
        "42": 43,
        "43": 44,
        "44": 45,
        "45": 46,
        "46": 47,
        "47": 48,
        "48": 49,
        "49": 50,
        "50": 51,
        "51": 52,
        "52": 53,
        "53": 54,
        "54": 55,
        "55": 56,
        "56": 57,
        "57": 58,
        "58": 59,
        "59": 60,
        "60": 61,
        "61": 62,
        "62": 63,
        "63": 64,
        "64": 65,
        "65": 66,
        "66": 67,
        "67": 68,
        "68": 69,
        "69": 70,
        "70": 71,
        "71": 72,
        "72": 73,
        "73": 74,
        "74": 75,
        "75": 76,
        "76": 77,
        "77": 78,
        "78": 79,
        "79": 80,
        "80": 81,
        "81": 82,
        "82": 83,
        "83": 84,
        "84": 85,
        "85": 86,
        "86": 87,
        "87": 88,
        "88": 89,
        "89": 90,
        "90": 91,
        "91": 92,
        "92": 93,
        "93": 94,
        "94": 95,
        "95": 96,
        "96": 97,
        "97": 98,
        "98": 99,
        "99": 100
    },
    "u": {
        "0": 206.7936511122,
        "1": 206.7936511122,
        "2": 206.7936511122,
        "3": 206.7936511122,
        "4": 206.7936511122,
        "5": 206.7936511122,
        "6": 206.7936511122,
        "7": 206.7936511122,
        "8": 206.7936511122,
        "9": 206.7936511122,
        "10": 296.9730841254,
        "11": 296.9730841254,
        "12": 296.9730841254,
        "13": 296.9730841254,
        "14": 296.9730841254,
        "15": 296.9730841254,
        "16": 296.9730841254,
        "17": 296.9730841254,
        "18": 296.9730841254,
        "19": 296.9730841254,
        "20": 378.104649155,
        "21": 378.104649155,
        "22": 378.104649155,
        "23": 378.104649155,
        "24": 378.104649155,
        "25": 378.104649155,
        "26": 378.104649155,
        "27": 378.104649155,
        "28": 378.104649155,
        "29": 378.104649155,
        "30": 451.537415239,
        "31": 451.537415239,
        "32": 451.537415239,
        "33": 451.537415239,
        "34": 451.537415239,
        "35": 451.537415239,
        "36": 451.537415239,
        "37": 451.537415239,
        "38": 451.537415239,
        "39": 451.537415239,
        "40": 518.2936787868,
        "41": 518.2936787868,
        "42": 518.2936787868,
        "43": 518.2936787868,
        "44": 518.2936787868,
        "45": 518.2936787868,
        "46": 518.2936787868,
        "47": 518.2936787868,
        "48": 518.2936787868,
        "49": 518.2936787868,
        "50": 579.2225270798,
        "51": 579.2225270798,
        "52": 579.2225270798,
        "53": 579.2225270798,
        "54": 579.2225270798,
        "55": 579.2225270798,
        "56": 579.2225270798,
        "57": 579.2225270798,
        "58": 579.2225270798,
        "59": 579.2225270798,
        "60": 635.0952383341,
        "61": 635.0952383341,
        "62": 635.0952383341,
        "63": 635.0952383341,
        "64": 635.0952383341,
        "65": 635.0952383341,
        "66": 635.0952383341,
        "67": 635.0952383341,
        "68": 635.0952383341,
        "69": 635.0952383341,
        "70": 686.4975963128,
        "71": 686.4975963128,
        "72": 686.4975963128,
        "73": 686.4975963128,
        "74": 686.4975963128,
        "75": 686.4975963128,
        "76": 686.4975963128,
        "77": 686.4975963128,
        "78": 686.4975963128,
        "79": 686.4975963128,
        "80": 733.9283638871,
        "81": 733.9283638871,
        "82": 733.9283638871,
        "83": 733.9283638871,
        "84": 733.9283638871,
        "85": 733.9283638871,
        "86": 733.9283638871,
        "87": 733.9283638871,
        "88": 733.9283638871,
        "89": 733.9283638871,
        "90": 777.8624340748,
        "91": 777.8624340748,
        "92": 777.8624340748,
        "93": 777.8624340748,
        "94": 777.8624340748,
        "95": 777.8624340748,
        "96": 777.8624340748,
        "97": 777.8624340748,
        "98": 777.8624340748,
        "99": 777.8624340748
    },
    "v": {
        "0": 1651.2592026968,
        "1": 1498.9043733376,
        "2": 1346.6066698986,
        "3": 1194.2518405394,
        "4": 1041.8970111801,
        "5": 889.5993077411,
        "6": 737.2444783819,
        "7": 584.8896490226,
        "8": 432.5919455837,
        "9": 280.2371162244,
        "10": 1621.1893684143,
        "11": 1476.8541638582,
        "12": 1332.573078239,
        "13": 1188.2378736829,
        "14": 1043.9026691268,
        "15": 899.6215835075,
        "16": 755.2863789514,
        "17": 610.9511743953,
        "18": 466.670088776,
        "19": 322.3348842199,
        "20": 1594.1364957803,
        "21": 1457.0162923557,
        "22": 1319.9475025806,
        "23": 1182.8272991561,
        "24": 1045.7070957315,
        "25": 908.6383059564,
        "26": 771.5181025318,
        "27": 634.3978991072,
        "28": 497.3291093322,
        "29": 360.2089059076,
        "30": 1569.6507451687,
        "31": 1439.0608914322,
        "32": 1308.5200027702,
        "33": 1177.9301490337,
        "34": 1047.3402952972,
        "35": 916.7994066353,
        "36": 786.2095528988,
        "37": 655.6196991623,
        "38": 525.0788105003,
        "39": 394.4889567638,
        "40": 1547.3912374836,
        "41": 1422.7379944467,
        "42": 1298.1314905336,
        "43": 1173.4782474967,
        "44": 1048.8250044598,
        "45": 924.2185005467,
        "46": 799.5652575099,
        "47": 674.912014473,
        "48": 550.3055105599,
        "49": 425.652267523,
        "50": 1527.0748492565,
        "51": 1407.8399869598,
        "52": 1288.649832148,
        "53": 1169.4149698513,
        "54": 1050.1801075546,
        "55": 930.9899527428,
        "56": 811.7550904461,
        "57": 692.5202281494,
        "58": 573.3300733376,
        "59": 454.0952110409,
        "60": 1508.4444020226,
        "61": 1394.1782800032,
        "62": 1279.955002424,
        "63": 1165.6888804045,
        "64": 1051.4227583851,
        "65": 937.1994808059,
        "66": 822.9333587864,
        "67": 708.667236767,
        "68": 594.4439591877,
        "69": 480.1778371683,
        "70": 1491.3045694189,
        "71": 1381.6096407549,
        "72": 1271.9558425478,
        "73": 1162.2609138838,
        "74": 1052.5659852198,
        "75": 942.9121870127,
        "76": 833.2172583487,
        "77": 723.5223296847,
        "78": 613.8685314776,
        "79": 504.1736028136,
        "80": 1475.4890417182,
        "81": 1370.012114292,
        "82": 1264.5747357699,
        "83": 1159.0978083436,
        "84": 1053.6208809174,
        "85": 948.1835023953,
        "86": 842.7065749691,
        "87": 737.2296475428,
        "88": 631.7922690208,
        "89": 526.3153415945,
        "90": 1460.8394684646,
        "91": 1359.2695822251,
        "92": 1257.7377799324,
        "93": 1156.1678936929,
        "94": 1054.5980074534,
        "95": 953.0662051608,
        "96": 851.4963189213,
        "97": 749.9264326818,
        "98": 648.3946303891,
        "99": 546.8247441496
    }
}