{"model": "plumb_bob", "d": [-0.25, 0.12, -0.00028, -5e-05, 0.0], "K": [579.4112014770508, 0.0, 320.0, 0.0, 579.4112205505371, 240.0, 0.0, 0.0, 1.0], "width": 640, "height": 480}