{
    "model": "plumb_bob",
    "d": [
        0.0,
        0.0,
        0.0,
        0.0,
        0.0
    ],
    "K": [
        349.4114248955543,
        0.0,
        960.0,
        0.0,
        349.4114248955543,
        770.0,
        0.0,
        0.0,
        1.0
    ],
    "width": 1920,
    "height": 1540
}