{
    "id": {
        "0": 1,
        "1": 2,
        "2": 3,
        "3": 4,
        "4": 5,
        "5": 6,
        "6": 7,
        "7": 8,
        "8": 9,
        "9": 10,
        "10": 11,
        "11": 12,
        "12": 13,
        "13": 14,
        "14": 15,
        "15": 16,
        "16": 17,
        "17": 18,
        "18": 19,
        "19": 20,
        "20": 21,
        "21": 22,
        "22": 23,
        "23": 24,
        "24": 25,
        "25": 26,
        "26": 27,
        "27": 28,
        "28": 29,
        "29": 30,
        "30": 31,
        "31": 32,
        "32": 33,
        "33": 34,
        "34": 35,
        "35": 36,
        "36": 37,
        "37": 38,
        "38": 39,
        "39": 40,
        "40": 41,
        "41": 42,
        "42": 43,
        "43": 44,
        "44": 45,
        "45": 46,
        "46": 47,
        "47": 48,
        "48": 49,
        "49": 50,
        "50": 51,
        "51": 52,
        "52": 53,
        "53": 54,
        "54": 55,
        "55": 56,
        "56": 57,
        "57": 58,
        "58": 59,
        "59": 60,
        "60": 61,
        "61": 62,
        "62": 63,
        "63": 64,
        "64": 65,
        "65": 66,
        "66": 67,
        "67": 68,
        "68": 69,
        "69": 70,
        "70": 71,
        "71": 72,
        "72": 73,
        "73": 74,
        "74": 75,
        "75": 76,
        "76": 77,
        "77": 78,
        "78": 79,
        "79": 80,
        "80": 81,
        "81": 82,
        "82": 83,
        "83": 84,
        "84": 85,
        "85": 86,
        "86": 87,
        "87": 88,
        "88": 89,
        "89": 90,
        "90": 91,
        "91": 92,
        "92": 93,
        "93": 94,
        "94": 95,
        "95": 96,
        "96": 97,
        "97": 98,
        "98": 99,
        "99": 100
    },
    "u": {
        "0": 1379.2937098747,
        "1": 1286.105682855,
        "2": 1192.9525969779,
        "3": 1099.7645699582,
        "4": 1006.5765429386,
        "5": 913.4234570614,
        "6": 820.2354300418,
        "7": 727.0474030221,
        "8": 633.894317145,
        "9": 540.7062901253,
        "10": 1291.0126390421,
        "11": 1217.445080015,
        "12": 1143.9051053745,
        "13": 1070.3375463474,
        "14": 996.7699873203,
        "15": 923.2300126797,
        "16": 849.6624536526,
        "17": 776.0948946255,
        "18": 702.554919985,
        "19": 628.9873609579,
        "20": 1233.4583642305,
        "21": 1172.6822427803,
        "22": 1111.9289095271,
        "23": 1051.1527880768,
        "24": 990.3766666266,
        "25": 929.6233333734,
        "26": 868.8472119232,
        "27": 808.0710904729,
        "28": 747.3177572197,
        "29": 686.5416357695,
        "30": 1192.9409499304,
        "31": 1141.1698238083,
        "32": 1089.4181094321,
        "33": 1037.6469833101,
        "34": 985.8758571881,
        "35": 934.1241428119,
        "36": 882.3530166899,
        "37": 830.5818905679,
        "38": 778.8301761917,
        "39": 727.0590500696,
        "40": 1162.8807808945,
        "41": 1117.7905273407,
        "42": 1072.7171805186,
        "43": 1027.6269269648,
        "44": 982.536673411,
        "45": 937.463326589,
        "46": 892.3730730352,
        "47": 847.2828194814,
        "48": 802.2094726593,
        "49": 757.1192191055,
        "50": 1139.699871373,
        "51": 1099.7615749604,
        "52": 1059.838253537,
        "53": 1019.8999571243,
        "54": 979.9616607117,
        "55": 940.0383392883,
        "56": 900.1000428757,
        "57": 860.161746463,
        "58": 820.2384250396,
        "59": 780.300128627,
        "60": 1121.2668114903,
        "61": 1085.4252626365,
        "62": 1049.5971526838,
        "63": 1013.7556038301,
        "64": 977.9140549764,
        "65": 942.0859450236,
        "66": 906.2443961699,
        "67": 870.4028473162,
        "68": 834.5747373635,
        "69": 798.7331885097,
        "70": 1106.2635468918,
        "71": 1073.7564735951,
        "72": 1041.2615889273,
        "73": 1008.7545156306,
        "74": 976.2474423339,
        "75": 943.7525576661,
        "76": 911.2454843694,
        "77": 878.7384110727,
        "78": 846.2435264049,
        "79": 813.7364531082,
        "80": 1093.8185650511,
        "81": 1064.0773889685,
        "82": 1034.347364433,
        "83": 1004.6061883504,
        "84": 974.8650122678,
        "85": 945.1349877322,
        "86": 915.3938116496,
        "87": 885.652635567,
        "88": 855.9226110315,
        "89": 826.1814349489,
        "90": 1083.3216793749,
        "91": 1055.9134361338,
        "92": 1028.5154696994,
        "93": 1001.1072264583,
        "94": 973.6989832172,
        "95": 946.3010167828,
        "96": 918.8927735417,
        "97": 891.4845303006,
        "98": 864.0865638662,
        "99": 836.6783206251
    },
    "v": {
        "0": 909.4151585333,
        "1": 909.4151585333,
        "2": 909.4151585333,
        "3": 909.4151585333,
        "4": 909.4151585333,
        "5": 909.4151585333,
        "6": 909.4151585333,
        "7": 909.4151585333,
        "8": 909.4151585333,
        "9": 909.4151585333,
        "10": 880.0617024815,
        "11": 880.0617024815,
        "12": 880.0617024815,
        "13": 880.0617024815,
        "14": 880.0617024815,
        "15": 880.0617024815,
        "16": 880.0617024815,
        "17": 880.0617024815,
        "18": 880.0617024815,
        "19": 880.0617024815,
        "20": 860.9249061066,
        "21": 860.9249061066,
        "22": 860.9249061066,
        "23": 860.9249061066,
        "24": 860.9249061066,
        "25": 860.9249061066,
        "26": 860.9249061066,
        "27": 860.9249061066,
        "28": 860.9249061066,
        "29": 860.9249061066,
        "30": 847.4528658518,
        "31": 847.4528658518,
        "32": 847.4528658518,
        "33": 847.4528658518,
        "34": 847.4528658518,
        "35": 847.4528658518,
        "36": 847.4528658518,
        "37": 847.4528658518,
        "38": 847.4528658518,
        "39": 847.4528658518,
        "40": 837.4578596474,
        "41": 837.4578596474,
        "42": 837.4578596474,
        "43": 837.4578596474,
        "44": 837.4578596474,
        "45": 837.4578596474,
        "46": 837.4578596474,
        "47": 837.4578596474,
        "48": 837.4578596474,
        "49": 837.4578596474,
        "50": 829.7502072315,
        "51": 829.7502072315,
        "52": 829.7502072315,
        "53": 829.7502072315,
        "54": 829.7502072315,
        "55": 829.7502072315,
        "56": 829.7502072315,
        "57": 829.7502072315,
        "58": 829.7502072315,
        "59": 829.7502072315,
        "60": 823.6212148205,
        "61": 823.6212148205,
        "62": 823.6212148205,
        "63": 823.6212148205,
        "64": 823.6212148205,
        "65": 823.6212148205,
        "66": 823.6212148205,
        "67": 823.6212148205,
        "68": 823.6212148205,
        "69": 823.6212148205,
        "70": 818.6326293415,
        "71": 818.6326293415,
        "72": 818.6326293415,
        "73": 818.6326293415,
        "74": 818.6326293415,
        "75": 818.6326293415,
        "76": 818.6326293415,
        "77": 818.6326293415,
        "78": 818.6326293415,
        "79": 818.6326293415,
        "80": 814.4946728795,
        "81": 814.4946728795,
        "82": 814.4946728795,
        "83": 814.4946728795,
        "84": 814.4946728795,
        "85": 814.4946728795,
        "86": 814.4946728795,
        "87": 814.4946728795,
        "88": 814.4946728795,
        "89": 814.4946728795,
        "90": 811.0044583922,
        "91": 811.0044583922,
        "92": 811.0044583922,
        "93": 811.0044583922,
        "94": 811.0044583922,
        "95": 811.0044583922,
        "96": 811.0044583922,
        "97": 811.0044583922,
        "98": 811.0044583922,
        "99": 811.0044583922
    }
}