{"id":{"0":1,"1":2,"2":3,"3":4,"4":5,"5":6,"6":7,"7":8,"8":9,"9":10,"10":11,"11":12,"12":13,"13":14,"14":15,"15":16,"16":17,"17":18,"18":19,"19":20,"20":21,"21":22,"22":23,"23":24,"24":25,"25":26,"26":27,"27":28,"28":29,"30":31,"31":32,"32":33,"33":34,"34":35,"35":36,"39":40,"42":43,"45":46,"46":47,"47":48,"48":49,"60":61,"61":62,"62":63,"64":65,"65":66,"66":67,"67":68,"68":69,"69":70,"70":71,"71":72,"72":73,"73":74,"74":75,"75":76,"76":77,"77":78,"78":79,"79":80,"80":81,"81":82,"82":83,"83":84,"84":85,"85":86,"86":87,"87":88,"88":89},"u":{"0":2937.5126235424,"1":2600.1962516311,"2":2312.517246301,"3":3169.1051552404,"4":2834.1366213875,"5":2545.790423684,"6":3373.2834116608,"7":3042.3383172352,"8":2755.0895609404,"9":2249.7537879272,"10":2258.907693964,"11":2270.2607119365,"12":2487.4815467147,"13":2518.9761348027,"14":2557.2845263397,"15":2700.6972725063,"16":2749.765180619,"17":2808.7649824716,"18":3450.1422485864,"19":3111.0302436401,"20":2816.9881092559,"21":3587.8338104583,"22":3204.5198554443,"23":2876.8531551552,"24":3758.2931844638,"25":3318.5083253761,"26":2948.7670804502,"27":462.4181575292,"28":5.6703333339,"30":963.4963568408,"31":548.7721882107,"32":170.3646389423,"33":1334.5270513623,"34":956.6829052667,"35":607.8547461396,"39":54.6920726516,"42":514.5259863118,"45":1426.6192191206,"46":1045.881317525,"47":694.3238828612,"48":1495.9959649746,"60":3019.0157005791,"61":1920.0,"62":820.9842994209,"64":2031.9213123785,"65":1975.9606561892,"66":1920.0,"67":1864.0393438108,"68":1808.0786876215,"69":2031.9213123785,"70":1975.9606561892,"71":1920.0,"72":1864.0393438108,"73":1808.0786876215,"74":2031.9213123785,"75":1975.9606561892,"76":1920.0,"77":1864.0393438108,"78":1808.0786876215,"79":2031.9213123785,"80":1975.9606561892,"81":1920.0,"82":1864.0393438108,"83":1808.0786876215,"84":2031.9213123785,"85":1975.9606561892,"86":1920.0,"87":1864.0393438108,"88":1808.0786876215},"v":{"0":1817.2775646495,"1":1564.6895796196,"2":1349.2035101235,"3":1573.2992201309,"4":1353.6284536266,"5":1164.4766028709,"6":1358.2012952415,"7":1165.7887729208,"8":998.7345199201,"9":1242.4821350214,"10":977.291642423,"11":651.7186034972,"12":1062.7388537214,"13":796.0624547096,"14":472.6724073155,"15":901.5410158768,"16":635.2366691142,"17":315.7982497545,"18":1248.6401718131,"19":1062.401571998,"20":900.8951925479,"21":972.983777783,"22":789.9687364532,"23":633.4803614149,"24":631.6103028351,"25":458.21670372,"26":312.4776452194,"27":1416.6118901558,"28":1078.8806024838,"30":1078.9940616734,"31":804.7395260791,"32":554.4142070801,"33":829.029430176,"34":598.9417250004,"35":386.5232676457,"39":383.2719294847,"42":233.1645740331,"45":680.4539048114,"46":456.7591301761,"47":250.2087426552,"48":223.9007916845,"60":1959.2125604633,"61":1959.2125604633,"62":1959.2125604633,"64":1088.3940984284,"65":1088.3940984284,"66":1088.3940984284,"67":1088.3940984284,"68":1088.3940984284,"69":1032.4334422391,"70":1032.4334422391,"71":1032.4334422391,"72":1032.4334422391,"73":1032.4334422391,"74":976.4727860499,"75":976.4727860499,"76":976.4727860499,"77":976.4727860499,"78":976.4727860499,"79":920.5121298607,"80":920.5121298607,"81":920.5121298607,"82":920.5121298607,"83":920.5121298607,"84":864.5514736714,"85":864.5514736714,"86":864.5514736714,"87":864.5514736714,"88":864.5514736714}}